-- phpMyAdmin SQL Dump
-- version 4.7.4
-- https://www.phpmyadmin.net/
--
-- Host: localhost
-- Generation Time: Jul 11, 2019 at 01:38 PM
-- Server version: 5.7.26-0ubuntu0.16.04.1
-- PHP Version: 7.1.29-1+ubuntu16.04.1+deb.sury.org+1

SET SQL_MODE = "NO_AUTO_VALUE_ON_ZERO";
SET AUTOCOMMIT = 0;
START TRANSACTION;
SET time_zone = "+00:00";


/*!40101 SET @OLD_CHARACTER_SET_CLIENT=@@CHARACTER_SET_CLIENT */;
/*!40101 SET @OLD_CHARACTER_SET_RESULTS=@@CHARACTER_SET_RESULTS */;
/*!40101 SET @OLD_COLLATION_CONNECTION=@@COLLATION_CONNECTION */;
/*!40101 SET NAMES utf8mb4 */;

--
-- Database: `appResto`
--

-- --------------------------------------------------------

--
-- Table structure for table `clientes`
--

CREATE TABLE `clientes` (
  `id_cliente` int(11) NOT NULL,
  `nombre_completo` varchar(100) NOT NULL,
  `dni` varchar(11) DEFAULT NULL,
  `email` varchar(50) DEFAULT NULL,
  `foto` text NOT NULL,
  `habilitado` int(11) NOT NULL DEFAULT '0',
  `date_created` timestamp NOT NULL DEFAULT CURRENT_TIMESTAMP,
  `last_modified` timestamp NOT NULL DEFAULT CURRENT_TIMESTAMP ON UPDATE CURRENT_TIMESTAMP
) ENGINE=InnoDB DEFAULT CHARSET=latin1;

--
-- Dumping data for table `clientes`
--

INSERT INTO `clientes` (`id_cliente`, `nombre_completo`, `dni`, `email`, `foto`, `habilitado`, `date_created`, `last_modified`) VALUES
(2, 'Emilio Perez Reverte', '11111111', 'esteban@cliente.com', '', 1, '2019-06-04 01:25:46', '2019-06-22 04:20:52'),
(3, 'Juan Carlos Z.', '4344433', 'bla@a.com', '', 1, '2019-06-04 01:25:46', '2019-06-04 01:25:46'),
(4, 'Juan Ramirez', NULL, NULL, '', 0, '2019-06-04 01:25:46', '2019-06-04 01:25:46'),
(5, 'Emilia Estefan', NULL, 'emilia@e.com', '', 0, '2019-06-04 01:25:46', '2019-06-04 01:25:46'),
(6, 'Maria Laura', '30123456', 'maria@gmail.com', '', 0, '2019-06-04 01:25:46', '2019-06-22 00:35:41'),
(7, 'facu', '1234', 'juan@cliente.com', 'as asd sa ads asd', 0, '2019-06-04 01:25:46', '2019-06-04 01:25:46'),
(27, 'Fredi Mercuri', '12345678', 'fredi@gmail.com', '', 0, '2019-06-22 02:31:15', '2019-06-22 02:31:15'),
(28, 'asdasdads', '5445343534', 'adadasddas@asd.com', '', 0, '2019-06-22 02:42:07', '2019-06-22 02:42:07'),
(29, 'juanelo godines', '666', 'juanelogodines@gmail.com', '', 0, '2019-06-22 02:43:13', '2019-06-22 02:43:13'),
(30, 'Fabián', '', '', '', 1, '2019-06-22 03:27:58', '2019-06-22 03:27:58'),
(31, 'Juan', '', '', '', 1, '2019-06-22 03:29:07', '2019-06-22 03:29:07'),
(32, 'Guille', '', '', '', 1, '2019-06-22 04:11:23', '2019-06-22 04:11:23'),
(33, 'Raúl', '', '', '', 1, '2019-06-22 04:11:34', '2019-06-22 04:11:34'),
(36, 'Pdpffjfnbd', '11223344', 'Vohajegino@emailtex.com', '', 1, '2019-06-22 04:25:26', '2019-06-22 04:26:31'),
(37, 'Fabricio', '', '', '', 1, '2019-06-22 05:47:14', '2019-06-22 05:47:14'),
(38, 'Antonio', '', '', '', 1, '2019-06-22 05:47:34', '2019-06-22 05:47:34'),
(39, 'Batman', '', '', '', 1, '2019-06-22 05:56:58', '2019-06-22 05:56:58'),
(40, 'asdasasd', '', '', '', 1, '2019-06-22 06:03:36', '2019-06-22 06:03:36'),
(41, 'Pli plin', '', '', '', 1, '2019-06-22 06:11:18', '2019-06-22 06:11:18'),
(42, 'Prueba meda', '12345678', 'prueba@gmail.com', '', 1, '2019-06-22 06:23:57', '2019-06-22 06:39:28'),
(43, 'Germán', '', '', '', 1, '2019-06-22 06:58:22', '2019-06-22 06:58:22'),
(45, 'Juan Carlos', '', '', '', 1, '2019-06-22 07:10:22', '2019-06-22 07:10:22'),
(46, 'Pepe Pom', '342835499', 'pepe@cliente.net', '', 0, '2019-06-22 07:16:56', '2019-06-22 07:16:56'),
(47, 'Franco', '', '', '', 1, '2019-06-22 07:24:22', '2019-06-22 07:24:22'),
(48, 'Pepe', '', '', '', 1, '2019-06-22 07:24:57', '2019-06-22 07:24:57'),
(49, 'German', '', '', '', 1, '2019-06-22 07:37:53', '2019-06-22 07:37:53'),
(50, 'Daniel', '37185076', 'gurpreets808@gmail.com', '', 1, '2019-06-22 08:06:47', '2019-06-22 08:07:06'),
(51, 'Pablo', '', '', '', 1, '2019-06-22 08:47:49', '2019-06-22 08:47:49'),
(52, 'Lucía', '', '', '', 1, '2019-06-22 11:51:29', '2019-06-22 11:51:29'),
(53, 'Lautaro', '', '', '', 1, '2019-06-22 11:52:10', '2019-06-22 11:52:10'),
(54, 'Tiburcio', '', '', '', 1, '2019-06-22 12:53:12', '2019-06-22 12:53:12'),
(55, 'Franco', '', '', '', 1, '2019-06-22 13:06:20', '2019-06-22 13:06:20'),
(56, 'Yolanda', '', '', '', 1, '2019-06-22 13:20:15', '2019-06-22 13:20:15'),
(57, 'Lauti', '', '', '', 1, '2019-06-22 13:50:19', '2019-06-22 13:50:19'),
(58, 'Javi', '', '', '', 1, '2019-06-22 13:58:47', '2019-06-22 13:58:47'),
(59, 'Daro', '', '', '', 1, '2019-06-22 14:10:00', '2019-06-22 14:10:00'),
(60, 'Damián', '', '', '', 1, '2019-06-22 14:23:02', '2019-06-22 14:23:02'),
(61, 'Piola', '12312312', 'dario.olinuck@gmail.com', '', 1, '2019-06-22 14:35:53', '2019-07-03 22:16:10'),
(62, 'Daniel', '37185071', 'gurpreet@abc.gob.ar', '', 1, '2019-06-22 15:26:17', '2019-06-22 15:26:40'),
(63, 'asdasd', '244', 'sdasdadadasd@asdsad.com', '', 0, '2019-06-27 20:12:47', '2019-06-27 20:12:47'),
(64, 'dfsf', '44', 'fsfsfd@das.com', '', 0, '2019-06-27 20:29:45', '2019-06-27 20:29:45'),
(65, 'a', '33332', 'adsasdas@asd.com', '', 0, '2019-06-27 21:35:22', '2019-06-27 21:35:22'),
(66, 'Julian', '', '', '', 1, '2019-06-28 07:19:28', '2019-06-28 07:19:28'),
(67, 'aaaaa', '44444', 'asdasd@dasd.com', '', 0, '2019-06-28 16:06:19', '2019-06-28 16:06:19'),
(68, 'juanito pinto', '2394746', 'asdasd@ads.com', '', 0, '2019-06-28 22:21:57', '2019-06-28 22:21:57'),
(69, 'daro pruebas', '12345', 'daro@prueba.com', '', 1, '2019-06-28 22:45:05', '2019-06-28 23:50:35'),
(70, 'Fulano', '', '', '', 1, '2019-06-28 23:10:25', '2019-06-28 23:10:25'),
(71, 'Daro', '', '', '', 1, '2019-06-29 00:35:46', '2019-06-29 00:35:46'),
(72, 'guachin 1', '', '', '', 1, '2019-06-29 00:44:37', '2019-06-29 00:44:37'),
(73, 'Felipe', '', '', '', 1, '2019-06-29 00:45:57', '2019-06-29 00:45:57'),
(74, 'ggg', '', '', '', 1, '2019-06-29 00:59:18', '2019-06-29 00:59:18'),
(75, 'hhhhh', '', '', '', 1, '2019-06-29 01:15:35', '2019-06-29 01:15:35'),
(76, 'Daro13', '', '', '', 1, '2019-06-29 01:45:48', '2019-06-29 01:45:48'),
(77, 'Daro15', '', '', '', 1, '2019-06-29 02:54:37', '2019-06-29 02:54:37'),
(78, 'Daro16', '', '', '', 1, '2019-06-29 03:26:26', '2019-06-29 03:26:26'),
(79, 'Daro34', '', '', '', 1, '2019-06-29 03:32:18', '2019-06-29 03:32:18'),
(80, 'Tester', '', '', '', 1, '2019-06-29 03:35:55', '2019-06-29 03:35:55'),
(81, 'test', '', '', '', 1, '2019-06-29 03:44:22', '2019-06-29 03:44:22'),
(82, 'test44', '', '', '', 1, '2019-06-29 03:50:57', '2019-06-29 03:50:57'),
(83, 'testp', '', '', '', 1, '2019-06-29 03:56:14', '2019-06-29 03:56:14'),
(84, 'ttttt', '', '', '', 1, '2019-06-29 04:04:29', '2019-06-29 04:04:29'),
(85, 'sasd ', '42424', 'asdasda@das.com', '', 1, '2019-06-29 04:28:24', '2019-06-29 04:28:24'),
(86, 'Trtrt', '', '', '', 1, '2019-06-29 04:50:56', '2019-06-29 04:50:56'),
(87, 'Darox', '', '', '', 1, '2019-06-29 04:56:31', '2019-06-29 04:56:31'),
(88, 'Xxx', '', '', '', 1, '2019-06-29 05:01:37', '2019-06-29 05:01:37'),
(89, 'Yyy', '', '', '', 1, '2019-06-29 05:10:40', '2019-06-29 05:10:40'),
(90, 'Qqq', '', '', '', 1, '2019-06-29 05:14:16', '2019-06-29 05:14:16'),
(91, 'Qqq', '', '', '', 1, '2019-06-29 05:14:20', '2019-06-29 05:14:20'),
(92, 'Uuu', '', '', '', 1, '2019-06-29 05:31:35', '2019-06-29 05:31:35'),
(93, 'Papapapapa', '', '', '', 1, '2019-06-29 05:43:22', '2019-06-29 05:43:22'),
(94, 'Jffjf', '', '', '', 1, '2019-06-29 05:49:46', '2019-06-29 05:49:46'),
(95, 'Jffjfjfiff', '', '', '', 1, '2019-06-29 05:50:15', '2019-06-29 05:50:15'),
(96, 'Jffjfjfiffcf', '', '', '', 1, '2019-06-29 05:51:23', '2019-06-29 05:51:23'),
(97, 'Lolo', '', '', '', 1, '2019-06-29 06:08:13', '2019-06-29 06:08:13'),
(98, 'Lll', '', '', '', 1, '2019-06-29 06:14:38', '2019-06-29 06:14:38'),
(99, 'lalalalel', '', '', '', 1, '2019-06-29 06:46:35', '2019-06-29 06:46:35'),
(100, 'Rubén', '', '', '', 1, '2019-06-29 07:22:13', '2019-06-29 07:22:13'),
(101, 'Gabriel', '', '', '', 1, '2019-06-29 07:23:43', '2019-06-29 07:23:43'),
(102, 'José', '', '', '', 1, '2019-06-29 07:43:04', '2019-06-29 07:43:04'),
(103, 'Juan', '', '', '', 1, '2019-06-29 07:48:30', '2019-06-29 07:48:30'),
(104, 'Laura', '', '', '', 1, '2019-06-29 07:50:18', '2019-06-29 07:50:18'),
(105, 'aasdasd', '', '', '', 1, '2019-06-29 08:08:05', '2019-06-29 08:08:05'),
(106, 'aasdasd', '', '', '', 1, '2019-06-29 08:08:14', '2019-06-29 08:08:14'),
(107, 'asd asd asd', '', '', '', 1, '2019-06-29 08:10:58', '2019-06-29 08:10:58'),
(108, 'sd asd ', '', '', '', 1, '2019-06-29 08:12:24', '2019-06-29 08:12:24'),
(109, 'ad adf afd', '', '', '', 1, '2019-06-29 08:17:35', '2019-06-29 08:17:35'),
(110, 'asdasd', '', '', '', 1, '2019-06-29 08:20:00', '2019-06-29 08:20:00'),
(111, 'asdas dsad', '', '', '', 1, '2019-06-29 08:24:24', '2019-06-29 08:24:24'),
(112, 'asda sd', '', '', '', 1, '2019-06-29 08:30:06', '2019-06-29 08:30:06'),
(113, 'asda sdgffg', '', '', '', 1, '2019-06-29 08:30:29', '2019-06-29 08:30:29'),
(114, 'asda sdgffgdaf df', '', '', '', 1, '2019-06-29 08:30:38', '2019-06-29 08:30:38'),
(115, 'f dsf sdf', '', '', '', 1, '2019-06-29 08:31:21', '2019-06-29 08:31:21'),
(116, 'f dsf sdfsdf sdf ', '', '', '', 1, '2019-06-29 08:31:38', '2019-06-29 08:31:38'),
(117, ' fd fdf ', '', '', '', 1, '2019-06-29 08:32:13', '2019-06-29 08:32:13'),
(118, 'x sf g g g', '', '', '', 1, '2019-06-29 08:38:16', '2019-06-29 08:38:16'),
(119, 'Daro', '12345678', 'test@gmail.com', '', 1, '2019-06-29 13:23:24', '2019-06-29 13:23:24'),
(120, 'uhuhououo', '8798798', 'addf@adsd.com', '', 1, '2019-06-29 13:23:46', '2019-06-29 13:23:46'),
(121, 'Luciano', '', '', '', 1, '2019-06-29 13:32:47', '2019-06-29 13:32:47'),
(122, 'Jddjdkddk', '6464', 'Jdfjjfj@irkff.ff', '', 1, '2019-06-29 13:43:47', '2019-06-29 13:43:47'),
(123, 'juan fodk', '242', 'asdfjfs@dasdsd.com', '', 1, '2019-06-29 13:44:33', '2019-06-29 13:44:33'),
(124, 'Kfdkdkkdkdi', '1234', 'aaaa@gmail.com', '', 1, '2019-06-29 13:49:35', '2019-07-02 01:43:15'),
(125, 'juan fodk sdf sfd', '242', 'asddffdffjfs@dasdsd.com', 'sdfsdf ', 1, '2019-06-29 13:50:08', '2019-06-29 13:50:41'),
(126, 'juan fodk sdf sfdad df', '242', 'asddffdffjdfs@dasdsd.com', '', 1, '2019-06-29 14:00:19', '2019-06-29 14:00:19'),
(127, 'Kfdkdkf f fkdkdi', '264226464', 'Jdjdsaq@kfif.ff', 'img/clientes//-foto_cliente-2019-06-29--11.05.57.png', 1, '2019-06-29 14:05:57', '2019-06-29 14:05:57'),
(128, 'Juanito Arcoiris', '32323232', 'juanito@arcoiris.com', 'img/user.jpg', 0, '2019-06-29 14:23:04', '2019-06-29 14:23:04'),
(129, 'Horacio', '', '', 'img/user.jpg', 1, '2019-06-29 14:43:45', '2019-06-29 14:43:45'),
(130, 'ignacio', '', '', 'img/user.jpg', 1, '2019-06-29 14:44:30', '2019-06-29 14:44:30'),
(131, 'pedro o', '', '', 'img/user.jpg', 1, '2019-06-29 14:45:51', '2019-06-29 14:45:51'),
(132, 'aspod akspd ', '', '', 'img/user.jpg', 1, '2019-06-29 14:46:21', '2019-06-29 14:46:21'),
(133, 'aspod akspd ', '', '', 'img/user.jpg', 1, '2019-06-29 14:47:37', '2019-06-29 14:47:37'),
(134, 'aspod akspd ', '', '', 'img/user.jpg', 1, '2019-06-29 14:47:47', '2019-06-29 14:47:47'),
(135, 'aspod akspd ', '', '', 'img/user.jpg', 1, '2019-06-29 14:48:35', '2019-06-29 14:48:35'),
(136, 'aspod akspd ', '', '', 'img/user.jpg', 1, '2019-06-29 14:48:40', '2019-06-29 14:48:40'),
(137, 'aspod akspd ', '', '', 'img/user.jpg', 1, '2019-06-29 14:49:41', '2019-06-29 14:49:41'),
(138, 'aspod akspd ', '', '', 'img/user.jpg', 1, '2019-06-29 14:50:17', '2019-06-29 14:50:17'),
(139, 'aspod akspd ', '', '', 'img/user.jpg', 1, '2019-06-29 14:50:21', '2019-06-29 14:50:21'),
(140, 'aspod akspd ', '', '', 'img/user.jpg', 1, '2019-06-29 14:50:27', '2019-06-29 14:50:27'),
(141, 'asd asd ss', '', '', 'img/user.jpg', 1, '2019-06-29 14:51:02', '2019-06-29 14:51:02'),
(142, 'Fabi', '', '', 'img/user.jpg', 1, '2019-06-29 14:52:21', '2019-06-29 14:52:21'),
(143, 'Lautaro', '', '', 'img/user.jpg', 1, '2019-06-29 14:55:32', '2019-06-29 14:55:32'),
(144, 'Lautaro', '', '', 'img/user.jpg', 1, '2019-06-29 14:55:52', '2019-06-29 14:55:52'),
(145, 'Dani', '1111', 'Dani@daro.com', 'img/clientes//-foto_cliente-2019-06-29--12.02.14.png', 1, '2019-06-29 15:02:14', '2019-06-29 15:02:14'),
(146, 'Pepe', '', '', 'img/user.jpg', 1, '2019-06-29 15:06:13', '2019-06-29 15:06:13'),
(147, 'Juancito', '', '', 'img/user.jpg', 1, '2019-06-29 15:15:13', '2019-06-29 15:15:17'),
(148, 'Pablo', '', '', 'img/user.jpg', 1, '2019-07-01 21:46:40', '2019-07-01 21:46:40'),
(149, 'Pablo', '', '', 'img/user.jpg', 1, '2019-07-01 22:17:55', '2019-07-01 22:17:55'),
(150, 'test', '', '', 'img/user.jpg', 1, '2019-07-01 22:42:28', '2019-07-01 22:42:28'),
(151, 'Yyy', '', '', 'img/user.jpg', 1, '2019-07-02 00:14:13', '2019-07-02 00:14:14'),
(152, 'Ooo', '', '', 'img/user.jpg', 1, '2019-07-02 00:17:51', '2019-07-02 00:17:51'),
(153, 'Tttt', '', '', 'img/user.jpg', 1, '2019-07-02 00:31:11', '2019-07-02 00:31:11'),
(154, 'Yyyy', '', '', 'img/user.jpg', 1, '2019-07-02 01:08:05', '2019-07-02 01:08:06'),
(155, 'prueba1', '12345678', 'prueba1@gmail.com', 'img/user.jpg', 1, '2019-07-02 01:21:02', '2019-07-02 01:21:02'),
(156, 'Pppp', '', '', 'img/user.jpg', 1, '2019-07-02 01:46:04', '2019-07-02 01:46:04'),
(157, 'Rrr', '', '', 'img/user.jpg', 1, '2019-07-02 02:12:53', '2019-07-02 02:12:53'),
(158, 'Iiii', '', '', 'img/user.jpg', 1, '2019-07-02 02:50:52', '2019-07-02 02:50:52'),
(159, 'Yyyy', '', '', 'img/user.jpg', 1, '2019-07-02 23:26:48', '2019-07-02 23:26:48'),
(160, 'Yyyyuy', '', '', 'img/user.jpg', 1, '2019-07-02 23:39:43', '2019-07-02 23:39:43'),
(161, 'Tttt', '', '', 'img/user.jpg', 1, '2019-07-02 23:53:05', '2019-07-02 23:53:06'),
(162, 'Rrrrr', '', '', 'img/user.jpg', 1, '2019-07-03 00:01:45', '2019-07-03 00:01:45'),
(163, 'Yyyyyy', '', '', 'img/user.jpg', 1, '2019-07-03 00:11:01', '2019-07-03 00:11:01'),
(164, 'Yyy', '', '', 'img/user.jpg', 1, '2019-07-03 00:17:18', '2019-07-03 00:17:18'),
(165, 'Ppppp', '', '', 'img/user.jpg', 1, '2019-07-03 00:20:12', '2019-07-03 00:20:12'),
(166, 'Kkkkjj', '', '', 'img/user.jpg', 1, '2019-07-03 00:27:19', '2019-07-03 00:27:19'),
(167, 'test', '', '', 'img/user.jpg', 1, '2019-07-03 21:59:06', '2019-07-03 21:59:06'),
(168, 'dario', '333', 'dario@test.com', 'img/user.jpg', 0, '2019-07-03 22:10:30', '2019-07-03 22:10:30'),
(169, 'Fabrizio', '', '', 'img/user.jpg', 1, '2019-07-07 18:58:53', '2019-07-07 18:58:53');

-- --------------------------------------------------------

--
-- Table structure for table `cliente_visita`
--

CREATE TABLE `cliente_visita` (
  `id_cliente_visita` int(11) NOT NULL,
  `id_cliente` int(11) NOT NULL,
  `id_mesa` int(11) NOT NULL,
  `fecha` date NOT NULL,
  `comensales` int(11) NOT NULL,
  `mozo` int(3) NOT NULL,
  `date_created` timestamp NOT NULL DEFAULT CURRENT_TIMESTAMP,
  `last_modified` timestamp NOT NULL DEFAULT CURRENT_TIMESTAMP ON UPDATE CURRENT_TIMESTAMP,
  `cerrado` int(1) DEFAULT '0'
) ENGINE=InnoDB DEFAULT CHARSET=latin1;

--
-- Dumping data for table `cliente_visita`
--

INSERT INTO `cliente_visita` (`id_cliente_visita`, `id_cliente`, `id_mesa`, `fecha`, `comensales`, `mozo`, `date_created`, `last_modified`, `cerrado`) VALUES
(116, 145, 4, '2019-06-29', 2, 4, '2019-06-29 15:02:14', '2019-06-29 15:02:14', 0),
(117, 147, 17, '2019-06-29', 2, 4, '2019-06-29 15:20:38', '2019-06-29 15:43:09', 1),
(118, 50, 5, '2019-06-29', 2, 17, '2019-06-29 15:34:50', '2019-06-29 15:52:17', 1),
(119, 147, 17, '2019-06-29', 2, 4, '2019-06-29 15:46:58', '2019-06-29 15:52:10', 1),
(120, 148, 1, '2019-07-01', 2, 4, '2019-07-01 21:47:19', '2019-07-01 21:47:19', 0),
(121, 149, 5, '2019-07-01', 2, 4, '2019-07-01 22:18:24', '2019-07-01 22:18:24', 0),
(122, 150, 6, '2019-07-01', 2, 4, '2019-07-01 22:42:47', '2019-07-01 22:42:47', 0),
(123, 151, 8, '2019-07-01', 2, 17, '2019-07-02 00:16:24', '2019-07-02 00:16:24', 0),
(124, 152, 7, '2019-07-01', 2, 4, '2019-07-02 00:19:26', '2019-07-02 01:44:15', 1),
(125, 153, 9, '2019-07-01', 2, 17, '2019-07-02 00:31:32', '2019-07-02 00:35:55', 1),
(126, 153, 11, '2019-07-01', 2, 17, '2019-07-02 00:47:51', '2019-07-02 00:47:51', 0),
(127, 153, 12, '2019-07-01', 2, 4, '2019-07-02 00:48:07', '2019-07-02 00:48:07', 0),
(128, 154, 10, '2019-07-01', 2, 17, '2019-07-02 01:10:30', '2019-07-02 01:12:07', 1),
(129, 155, 10, '2019-07-01', 1, 4, '2019-07-02 01:21:02', '2019-07-02 01:28:02', 1),
(130, 155, 10, '2019-07-01', 2, 17, '2019-07-02 01:29:24', '2019-07-02 01:46:39', 1),
(131, 156, 10, '2019-07-01', 2, 17, '2019-07-02 01:46:49', '2019-07-02 02:12:15', 1),
(132, 157, 10, '2019-07-01', 2, 17, '2019-07-02 02:13:04', '2019-07-02 02:26:41', 1),
(133, 157, 10, '2019-07-01', 2, 4, '2019-07-02 02:27:04', '2019-07-02 02:46:02', 1),
(134, 157, 10, '2019-07-01', 2, 4, '2019-07-02 02:46:29', '2019-07-02 02:51:20', 1),
(135, 158, 10, '2019-07-01', 2, 4, '2019-07-02 02:51:46', '2019-07-02 02:51:46', 0),
(136, 159, 7, '2019-07-02', 2, 4, '2019-07-02 23:27:57', '2019-07-02 23:39:30', 1),
(137, 160, 7, '2019-07-02', 2, 17, '2019-07-02 23:40:00', '2019-07-02 23:42:12', 1),
(138, 160, 7, '2019-07-02', 2, 17, '2019-07-02 23:42:36', '2019-07-02 23:44:42', 1),
(139, 160, 7, '2019-07-02', 2, 17, '2019-07-02 23:45:09', '2019-07-02 23:53:20', 1),
(140, 161, 7, '2019-07-02', 2, 4, '2019-07-02 23:53:47', '2019-07-03 00:01:32', 1),
(141, 162, 7, '2019-07-02', 2, 17, '2019-07-03 00:02:09', '2019-07-03 00:06:00', 1),
(142, 162, 7, '2019-07-02', 2, 17, '2019-07-03 00:06:31', '2019-07-03 00:10:28', 1),
(143, 163, 7, '2019-07-02', 2, 17, '2019-07-03 00:11:44', '2019-07-03 00:25:05', 1),
(144, 164, 9, '2019-07-02', 2, 17, '2019-07-03 00:17:35', '2019-07-03 00:20:20', 1),
(145, 165, 9, '2019-07-02', 2, 4, '2019-07-03 00:20:46', '2019-07-03 00:20:46', 0),
(146, 166, 7, '2019-07-02', 2, 17, '2019-07-03 00:27:47', '2019-07-03 00:27:47', 0),
(147, 61, 15, '2019-07-03', 2, 17, '2019-07-03 22:43:42', '2019-07-03 22:49:31', 1),
(148, 61, 15, '2019-07-03', 2, 4, '2019-07-03 23:33:32', '2019-07-03 23:37:31', 1),
(149, 61, 15, '2019-07-03', 2, 4, '2019-07-03 23:37:43', '2019-07-03 23:41:19', 1),
(150, 61, 15, '2019-07-03', 2, 17, '2019-07-03 23:42:35', '2019-07-03 23:50:27', 1),
(151, 61, 15, '2019-07-03', 2, 17, '2019-07-03 23:50:59', '2019-07-03 23:56:52', 1),
(152, 61, 15, '2019-07-03', 2, 4, '2019-07-03 23:57:09', '2019-07-04 00:01:03', 1),
(153, 61, 15, '2019-07-03', 2, 17, '2019-07-04 00:14:09', '2019-07-04 00:21:56', 1),
(154, 61, 15, '2019-07-03', 2, 4, '2019-07-04 00:22:51', '2019-07-04 00:35:25', 1),
(155, 61, 15, '2019-07-03', 2, 4, '2019-07-04 00:36:18', '2019-07-04 00:40:44', 1),
(156, 61, 15, '2019-07-03', 2, 17, '2019-07-04 00:41:29', '2019-07-04 01:01:14', 1),
(157, 169, 3, '2019-07-07', 2, 17, '2019-07-07 18:59:07', '2019-07-07 18:59:07', 0),
(158, 1, -8, '2019-07-11', -8, -8, '2019-07-11 15:04:08', '2019-07-11 15:04:08', 0),
(159, 1, -8, '2019-07-11', -8, -8, '2019-07-11 15:05:58', '2019-07-11 15:05:58', 0),
(160, 1, -8, '2019-07-11', -8, -8, '2019-07-11 15:49:27', '2019-07-11 15:49:27', 0),
(161, 1, -8, '2019-07-11', -8, -8, '2019-07-11 15:49:37', '2019-07-11 15:49:37', 0),
(162, 2, -8, '2019-07-11', -8, -8, '2019-07-11 15:50:08', '2019-07-11 15:50:08', 0),
(163, 2, -8, '2019-07-11', -8, -8, '2019-07-11 15:50:14', '2019-07-11 15:50:14', 0),
(164, 3, -8, '2019-07-11', -8, -8, '2019-07-11 15:59:14', '2019-07-11 15:59:14', 0),
(165, 3, -8, '2019-07-11', -8, -8, '2019-07-11 15:59:38', '2019-07-11 15:59:38', 0),
(166, 3, -8, '2019-07-11', -8, -8, '2019-07-11 16:00:38', '2019-07-11 16:00:38', 0),
(167, 3, -8, '2019-07-11', -8, -8, '2019-07-11 16:27:18', '2019-07-11 16:27:18', 0);

-- --------------------------------------------------------

--
-- Table structure for table `empleados`
--

CREATE TABLE `empleados` (
  `id_empleado` int(11) NOT NULL,
  `usuario` varchar(50) DEFAULT NULL,
  `email` varchar(50) DEFAULT NULL,
  `nombre_completo` varchar(100) DEFAULT NULL,
  `fecha_nac` timestamp NULL DEFAULT NULL,
  `dni` int(11) NOT NULL,
  `id_rol` int(11) NOT NULL,
  `fecha_ingreso` timestamp NULL DEFAULT CURRENT_TIMESTAMP,
  `fecha_egreso` timestamp NULL DEFAULT NULL,
  `sueldo` decimal(10,0) DEFAULT NULL,
  `clave` varchar(50) DEFAULT NULL,
  `habilitado` int(11) DEFAULT NULL,
  `foto` longtext NOT NULL
) ENGINE=InnoDB DEFAULT CHARSET=latin1;

--
-- Dumping data for table `empleados`
--

INSERT INTO `empleados` (`id_empleado`, `usuario`, `email`, `nombre_completo`, `fecha_nac`, `dni`, `id_rol`, `fecha_ingreso`, `fecha_egreso`, `sueldo`, `clave`, `habilitado`, `foto`) VALUES
(1, '', 'dolinuck@gmail.com', 'Daro', '1980-05-05 04:00:00', 343434343, 1, '2019-06-12 03:00:00', '2019-06-05 04:00:00', '34', '1234', 1, 'img/28/28-foto_empleado-2019-06-22--01.03.14.png'),
(2, 'Juancho', 'juancho@gmail.com', 'juancho godines', '1980-05-05 04:00:00', 242, 4, '2019-06-12 03:00:00', '2019-06-05 04:00:00', '98349434', '1234', 1, 'img/28/28-foto_empleado-2019-06-22--01.03.14.png'),
(3, '', 'fsaiegh@gmail.com', 'Facundo Saiegh', '1980-05-05 04:00:00', 31662281, 1, '2019-06-04 03:00:00', '2019-06-05 04:00:00', '25000', '1234', 1, 'img/18/admin.jpg'),
(4, 'male', 'male@gmail.com', 'Malena Garcia', '1980-05-05 04:00:00', 12456123, 2, '2019-06-12 03:00:00', '2019-06-05 04:00:00', '5656', '1234', 1, 'img/18/malena.jpg'),
(16, 'Raul Castro', 'rcastro@gmail.com', 'Raul Castro', '1980-05-05 04:00:00', 23423424, 3, '2019-06-12 03:00:00', '2019-06-05 04:00:00', '3144', '1234', 1, 'img/18/camilo.jpg'),
(17, 'eric_estrada', 'sdad@asdd.com', 'eric estrada', '1980-05-05 04:00:00', 444443, 2, '2019-06-12 03:00:00', '2019-06-05 04:00:00', '0', '1234', 1, 'img/28/28-foto_empleado-2019-06-22--01.03.14.png'),
(18, 'mario', 'mario@baracus.com', 'mario baracus', '1980-05-05 04:00:00', 34433434, 5, '2019-06-12 03:00:00', '2019-06-05 04:00:00', '32000', '1234', 1, 'img/18/foto1.jpg'),
(27, 'Pimpollo', 'adasads@dasd.com', 'pimpollo hernandez', '2019-06-20 04:00:00', 43874783, 5, '2019-06-12 03:00:00', NULL, NULL, NULL, NULL, 'img/28/28-foto_empleado-2019-06-22--01.03.14.png'),
(28, 'usuario', 'm@maail.com', 'Marcos P', '2019-06-21 03:00:00', 12345678, 4, '2019-06-12 03:00:00', '2019-06-20 03:00:00', '50000', '1234', 1, 'img/28/28-foto_empleado-2019-06-22--01.03.14.png'),
(29, NULL, 'chicob@gmail.com', 'Chico Buarque', '2019-06-22 03:00:00', 12345678, 4, '2019-06-12 03:00:00', NULL, '123', '1234', 1, 'img/28/28-foto_empleado-2019-06-22--01.03.14.png'),
(31, NULL, 'metre@a.com', 'Julián weich', '2019-06-21 03:00:00', 12345678, 8, '2019-06-12 03:00:00', NULL, '1', '1234', 1, 'img/28/28-foto_empleado-2019-06-22--01.03.14.png'),
(32, NULL, 'Qwer@gmail.com', 'Qwer', '2019-06-21 03:00:00', 12345678, 5, '2019-06-12 03:00:00', NULL, '123', '1234', 1, 'img/28/28-foto_empleado-2019-06-22--01.03.14.png'),
(33, NULL, 'malewdf@gmail.com', 'Aaaa', '1980-05-05 03:00:00', 359449, 5, '2019-06-12 03:00:00', NULL, '0', '1234', 1, 'img/usuariox.jpg'),
(34, NULL, 'Ddddk@gmail.com', 'Kdkddk', '1980-05-05 03:00:00', 656494, 1, '2019-06-22 03:00:00', NULL, '0', '1234', 1, 'img/34/34-foto_empleado-2019-06-22--10.58.46.png'),
(35, NULL, 'delivery@gmail.com', 'Kddjdjjd', '1980-05-05 03:00:00', 649448, 9, '2019-06-22 03:00:00', NULL, '1', '1234', 1, 'img/35/35-foto_empleado-2019-06-22--11.02.16.png'),
(36, NULL, 'Dhdk@gmail.com', 'Alala', '1980-05-05 03:00:00', 6464, 1, '2019-06-22 03:00:00', NULL, '0', '1234', 1, 'img/36/36-foto_empleado-2019-06-22--11.06.35.png'),
(37, NULL, 'daro@gmail.com', 'Daro Admin', '2019-06-06 03:00:00', 12345678, 1, '2019-06-22 03:00:00', NULL, '566', '1234', 1, 'img/37/37-foto_empleado-2019-06-22--11.31.30.png');

-- --------------------------------------------------------

--
-- Table structure for table `empleados_onesignal`
--

CREATE TABLE `empleados_onesignal` (
  `id_empleado` int(11) NOT NULL,
  `player_id` varchar(200) NOT NULL,
  `push_token` varchar(200) DEFAULT NULL,
  `date_created` timestamp NOT NULL DEFAULT CURRENT_TIMESTAMP
) ENGINE=InnoDB DEFAULT CHARSET=latin1;

--
-- Dumping data for table `empleados_onesignal`
--

INSERT INTO `empleados_onesignal` (`id_empleado`, `player_id`, `push_token`, `date_created`) VALUES
(4, '54', '', '2019-06-24 18:02:49'),
(4, '54', '', '2019-06-24 18:03:52'),
(16, '4d0dc654-a722-4dc9-a9c6-471c71c2d2a6', '', '2019-06-24 18:07:17'),
(16, '4d0dc654-a722-4dc9-a9c6-471c71c2d2a6', '', '2019-06-24 18:07:59'),
(4, '4d0dc654-a722-4dc9-a9c6-471c71c2d2a6', '', '2019-06-24 18:16:49'),
(4, '4d0dc654-a722-4dc9-a9c6-471c71c2d2a6', '', '2019-06-24 18:34:20'),
(4, '4d0dc654-a722-4dc9-a9c6-471c71c2d2a6', '', '2019-06-28 16:46:52'),
(3, '4d0dc654-a722-4dc9-a9c6-471c71c2d2a6', '', '2019-06-28 16:47:14'),
(3, '4d0dc654-a722-4dc9-a9c6-471c71c2d2a6', '', '2019-06-28 17:04:28'),
(18, 'd59fb17f-0b6c-42b1-b9d2-9d41530f72b7', '', '2019-06-28 22:29:17'),
(18, 'd59fb17f-0b6c-42b1-b9d2-9d41530f72b7', '', '2019-06-29 01:48:34'),
(18, 'd59fb17f-0b6c-42b1-b9d2-9d41530f72b7', '', '2019-06-29 01:48:46'),
(16, 'd59fb17f-0b6c-42b1-b9d2-9d41530f72b7', '', '2019-06-29 01:49:08'),
(16, 'd59fb17f-0b6c-42b1-b9d2-9d41530f72b7', '', '2019-06-29 01:49:19'),
(16, 'd59fb17f-0b6c-42b1-b9d2-9d41530f72b7', '', '2019-06-29 03:46:16'),
(16, 'd59fb17f-0b6c-42b1-b9d2-9d41530f72b7', '', '2019-06-29 05:07:24'),
(18, 'd59fb17f-0b6c-42b1-b9d2-9d41530f72b7', '', '2019-06-29 05:35:43'),
(3, '4d0dc654-a722-4dc9-a9c6-471c71c2d2a6', '', '2019-06-29 06:51:16'),
(3, '4d0dc654-a722-4dc9-a9c6-471c71c2d2a6', '', '2019-06-29 07:17:44'),
(4, 'd59fb17f-0b6c-42b1-b9d2-9d41530f72b7', '', '2019-06-29 07:19:29'),
(4, 'd59fb17f-0b6c-42b1-b9d2-9d41530f72b7', '', '2019-06-29 07:19:45'),
(18, 'd59fb17f-0b6c-42b1-b9d2-9d41530f72b7', '', '2019-06-29 07:22:44'),
(3, '4d0dc654-a722-4dc9-a9c6-471c71c2d2a6', '', '2019-06-29 07:23:44'),
(31, '4d0dc654-a722-4dc9-a9c6-471c71c2d2a6', '', '2019-06-29 07:24:03'),
(3, 'd59fb17f-0b6c-42b1-b9d2-9d41530f72b7', '', '2019-06-29 13:10:08'),
(3, 'd59fb17f-0b6c-42b1-b9d2-9d41530f72b7', '', '2019-06-29 13:10:16'),
(3, 'd59fb17f-0b6c-42b1-b9d2-9d41530f72b7', '', '2019-06-29 13:14:40'),
(4, 'd59fb17f-0b6c-42b1-b9d2-9d41530f72b7', '', '2019-06-29 13:16:13'),
(4, '4d0dc654-a722-4dc9-a9c6-471c71c2d2a6', '', '2019-06-29 13:25:31'),
(4, '4d0dc654-a722-4dc9-a9c6-471c71c2d2a6', '', '2019-06-29 13:29:06'),
(4, '4d0dc654-a722-4dc9-a9c6-471c71c2d2a6', '', '2019-06-29 13:31:50'),
(4, 'd59fb17f-0b6c-42b1-b9d2-9d41530f72b7', '', '2019-06-29 13:36:56'),
(4, 'd59fb17f-0b6c-42b1-b9d2-9d41530f72b7', '', '2019-06-29 13:37:46'),
(4, 'd59fb17f-0b6c-42b1-b9d2-9d41530f72b7', '', '2019-06-29 13:38:59'),
(31, 'd59fb17f-0b6c-42b1-b9d2-9d41530f72b7', '', '2019-06-29 13:39:13'),
(4, '4d0dc654-a722-4dc9-a9c6-471c71c2d2a6', '', '2019-06-29 13:48:52'),
(31, 'd59fb17f-0b6c-42b1-b9d2-9d41530f72b7', '', '2019-06-29 13:56:36'),
(4, 'd59fb17f-0b6c-42b1-b9d2-9d41530f72b7', '', '2019-06-29 13:56:47'),
(31, 'd59fb17f-0b6c-42b1-b9d2-9d41530f72b7', '', '2019-06-29 13:57:49'),
(18, 'd59fb17f-0b6c-42b1-b9d2-9d41530f72b7', '', '2019-06-29 13:58:54'),
(16, 'd59fb17f-0b6c-42b1-b9d2-9d41530f72b7', '', '2019-06-29 14:05:23'),
(31, 'd59fb17f-0b6c-42b1-b9d2-9d41530f72b7', '', '2019-06-29 14:10:39'),
(18, 'd59fb17f-0b6c-42b1-b9d2-9d41530f72b7', '', '2019-06-29 14:12:08'),
(18, 'd59fb17f-0b6c-42b1-b9d2-9d41530f72b7', '', '2019-06-29 14:13:11'),
(4, 'd59fb17f-0b6c-42b1-b9d2-9d41530f72b7', '', '2019-06-29 14:16:55'),
(4, '4d0dc654-a722-4dc9-a9c6-471c71c2d2a6', '', '2019-06-29 14:35:11'),
(31, '4d0dc654-a722-4dc9-a9c6-471c71c2d2a6', '', '2019-06-29 14:37:35'),
(31, '4d0dc654-a722-4dc9-a9c6-471c71c2d2a6', '', '2019-06-29 14:41:00'),
(31, 'd59fb17f-0b6c-42b1-b9d2-9d41530f72b7', '', '2019-06-29 14:41:30'),
(31, 'd59fb17f-0b6c-42b1-b9d2-9d41530f72b7', '', '2019-06-29 14:41:33'),
(16, 'd59fb17f-0b6c-42b1-b9d2-9d41530f72b7', '', '2019-06-29 14:42:14'),
(4, '4d0dc654-a722-4dc9-a9c6-471c71c2d2a6', '', '2019-06-29 15:01:27'),
(16, 'd59fb17f-0b6c-42b1-b9d2-9d41530f72b7', '', '2019-06-29 15:06:55'),
(31, '4d0dc654-a722-4dc9-a9c6-471c71c2d2a6', '', '2019-06-29 15:17:14'),
(18, '4d0dc654-a722-4dc9-a9c6-471c71c2d2a6', '', '2019-06-29 15:21:49'),
(4, '4d0dc654-a722-4dc9-a9c6-471c71c2d2a6', '', '2019-06-29 15:22:02'),
(4, '4d0dc654-a722-4dc9-a9c6-471c71c2d2a6', '', '2019-06-29 15:24:52'),
(18, 'd59fb17f-0b6c-42b1-b9d2-9d41530f72b7', '', '2019-06-29 15:35:40'),
(18, '91fcf595-0f76-4e71-b335-a9998252fec1', '', '2019-06-29 15:36:59'),
(16, '4d0dc654-a722-4dc9-a9c6-471c71c2d2a6', '', '2019-06-29 15:37:54'),
(4, '4d0dc654-a722-4dc9-a9c6-471c71c2d2a6', '', '2019-06-29 15:39:50'),
(18, '91fcf595-0f76-4e71-b335-a9998252fec1', '', '2019-06-29 15:45:17'),
(31, '4d0dc654-a722-4dc9-a9c6-471c71c2d2a6', '', '2019-06-29 15:46:50'),
(31, '4d0dc654-a722-4dc9-a9c6-471c71c2d2a6', '', '2019-06-29 15:47:26'),
(3, '4d0dc654-a722-4dc9-a9c6-471c71c2d2a6', '', '2019-06-29 15:47:39'),
(3, '4d0dc654-a722-4dc9-a9c6-471c71c2d2a6', '', '2019-06-29 15:47:41'),
(16, '91fcf595-0f76-4e71-b335-a9998252fec1', '', '2019-06-29 15:48:54'),
(16, '91fcf595-0f76-4e71-b335-a9998252fec1', '', '2019-06-29 15:48:54'),
(16, '91fcf595-0f76-4e71-b335-a9998252fec1', '', '2019-06-29 15:49:47'),
(4, '4d0dc654-a722-4dc9-a9c6-471c71c2d2a6', '', '2019-06-29 15:52:25'),
(31, '4d0dc654-a722-4dc9-a9c6-471c71c2d2a6', '', '2019-06-29 15:53:37'),
(16, '91fcf595-0f76-4e71-b335-a9998252fec1', '', '2019-07-01 19:18:25'),
(4, '91fcf595-0f76-4e71-b335-a9998252fec1', '', '2019-07-01 19:18:44'),
(18, 'd59fb17f-0b6c-42b1-b9d2-9d41530f72b7', '', '2019-07-01 22:37:36'),
(18, 'd59fb17f-0b6c-42b1-b9d2-9d41530f72b7', '', '2019-07-01 22:38:27'),
(18, 'd59fb17f-0b6c-42b1-b9d2-9d41530f72b7', '', '2019-07-01 22:38:37'),
(16, 'd59fb17f-0b6c-42b1-b9d2-9d41530f72b7', '', '2019-07-01 22:38:51'),
(16, 'd59fb17f-0b6c-42b1-b9d2-9d41530f72b7', '', '2019-07-01 22:39:15'),
(29, 'd59fb17f-0b6c-42b1-b9d2-9d41530f72b7', '', '2019-07-01 22:43:32'),
(29, 'd59fb17f-0b6c-42b1-b9d2-9d41530f72b7', '', '2019-07-01 22:43:35'),
(29, 'd59fb17f-0b6c-42b1-b9d2-9d41530f72b7', '', '2019-07-01 22:43:51'),
(18, 'd59fb17f-0b6c-42b1-b9d2-9d41530f72b7', '', '2019-07-01 22:44:09'),
(18, 'd59fb17f-0b6c-42b1-b9d2-9d41530f72b7', '', '2019-07-01 22:45:00'),
(18, 'd59fb17f-0b6c-42b1-b9d2-9d41530f72b7', '', '2019-07-01 23:00:20'),
(18, 'd59fb17f-0b6c-42b1-b9d2-9d41530f72b7', '', '2019-07-02 00:12:29'),
(16, 'd59fb17f-0b6c-42b1-b9d2-9d41530f72b7', '', '2019-07-02 00:13:12'),
(16, 'd59fb17f-0b6c-42b1-b9d2-9d41530f72b7', '', '2019-07-02 00:13:33'),
(18, 'd59fb17f-0b6c-42b1-b9d2-9d41530f72b7', '', '2019-07-02 00:20:11'),
(18, 'd59fb17f-0b6c-42b1-b9d2-9d41530f72b7', '', '2019-07-02 00:20:48'),
(18, 'd59fb17f-0b6c-42b1-b9d2-9d41530f72b7', '', '2019-07-02 00:23:57'),
(18, 'd59fb17f-0b6c-42b1-b9d2-9d41530f72b7', '', '2019-07-02 00:32:30'),
(18, 'd59fb17f-0b6c-42b1-b9d2-9d41530f72b7', '', '2019-07-02 00:33:05'),
(18, 'd59fb17f-0b6c-42b1-b9d2-9d41530f72b7', '', '2019-07-02 01:11:32'),
(18, 'd59fb17f-0b6c-42b1-b9d2-9d41530f72b7', '', '2019-07-02 01:47:22'),
(18, 'd59fb17f-0b6c-42b1-b9d2-9d41530f72b7', '', '2019-07-02 02:27:27'),
(18, 'd59fb17f-0b6c-42b1-b9d2-9d41530f72b7', '', '2019-07-02 02:52:11'),
(18, 'd59fb17f-0b6c-42b1-b9d2-9d41530f72b7', '', '2019-07-02 23:11:41'),
(18, 'd59fb17f-0b6c-42b1-b9d2-9d41530f72b7', '', '2019-07-03 00:06:56'),
(18, 'd59fb17f-0b6c-42b1-b9d2-9d41530f72b7', '', '2019-07-03 00:10:10'),
(31, '4d0dc654-a722-4dc9-a9c6-471c71c2d2a6', '', '2019-07-11 01:11:43'),
(4, '4d0dc654-a722-4dc9-a9c6-471c71c2d2a6', '', '2019-07-11 01:12:26'),
(4, '4d0dc654-a722-4dc9-a9c6-471c71c2d2a6', '', '2019-07-11 01:12:44'),
(4, '4d0dc654-a722-4dc9-a9c6-471c71c2d2a6', '', '2019-07-11 01:13:17'),
(18, '4d0dc654-a722-4dc9-a9c6-471c71c2d2a6', '', '2019-07-11 01:14:02');

-- --------------------------------------------------------

--
-- Table structure for table `empleados_relevo`
--

CREATE TABLE `empleados_relevo` (
  `id` int(11) NOT NULL,
  `id_empleado` int(11) NOT NULL,
  `fecha` timestamp NOT NULL DEFAULT CURRENT_TIMESTAMP,
  `limpieza` int(11) NOT NULL,
  `orden` int(11) NOT NULL,
  `stock` int(11) NOT NULL,
  `residuos` int(11) NOT NULL,
  `puntualidad` int(11) NOT NULL,
  `foto` varchar(400) NOT NULL
) ENGINE=InnoDB DEFAULT CHARSET=latin1;

--
-- Dumping data for table `empleados_relevo`
--

INSERT INTO `empleados_relevo` (`id`, `id_empleado`, `fecha`, `limpieza`, `orden`, `stock`, `residuos`, `puntualidad`, `foto`) VALUES
(3, 18, '2019-06-29 02:19:33', 50, 50, 50, 50, 66, 'img/sinImagen.png'),
(4, 18, '2019-06-29 02:21:35', 50, 50, 50, 50, 100, 'img/sinImagen.png'),
(5, 18, '2019-06-29 02:23:48', 28, 69, 73, 27, 33, 'img/sinImagen.png'),
(6, 16, '2019-06-29 05:15:35', 50, 50, 50, 50, 100, 'img/sinImagen.png'),
(7, 18, '2019-06-29 07:23:18', 78, 78, 77, 79, 0, 'img/18//-foto_relevo-2019-06-29--04.23.18.png'),
(8, 18, '2019-06-29 07:24:26', 78, 78, 77, 79, 0, 'img/18//-foto_relevo-2019-06-29--04.24.26.png'),
(9, 18, '2019-06-29 07:24:35', 78, 78, 77, 79, 0, 'img/18//-foto_relevo-2019-06-29--04.24.35.png'),
(10, 16, '2019-06-29 07:35:13', 50, 50, 50, 50, 100, 'img/sinImagen.png'),
(11, 18, '2019-06-29 13:59:03', 50, 50, 50, 50, 100, 'img/sinImagen.png'),
(12, 16, '2019-06-29 14:05:30', 50, 50, 50, 50, 100, 'img/sinImagen.png'),
(13, 18, '2019-06-29 14:12:20', 31, 24, 22, 30, 66, 'img/sinImagen.png'),
(14, 18, '2019-06-29 14:13:35', 70, 64, 65, 75, 100, 'img/18//-foto_relevo-2019-06-29--11.13.35.png'),
(15, 18, '2019-06-29 14:17:58', 50, 50, 50, 50, 100, 'img/sinImagen.png'),
(16, 18, '2019-06-29 14:20:30', 50, 50, 50, 50, 100, 'img/sinImagen.png'),
(17, 18, '2019-06-29 14:22:22', 50, 50, 50, 50, 100, 'img/sinImagen.png'),
(18, 18, '2019-06-29 14:22:33', 50, 50, 50, 50, 100, 'img/sinImagen.png'),
(19, 16, '2019-06-29 14:30:27', 50, 50, 50, 50, 100, 'img/sinImagen.png'),
(20, 16, '2019-06-29 14:30:52', 50, 50, 50, 50, 100, 'img/sinImagen.png'),
(21, 16, '2019-06-29 14:30:55', 50, 50, 50, 50, 100, 'img/sinImagen.png'),
(22, 18, '2019-06-29 14:32:16', 50, 50, 50, 50, 100, 'img/sinImagen.png'),
(23, 18, '2019-06-29 14:34:47', 50, 50, 50, 50, 100, 'img/sinImagen.png'),
(24, 18, '2019-06-29 14:41:25', 79, 80, 50, 50, 100, 'img/sinImagen.png'),
(25, 16, '2019-06-29 14:42:49', 69, 71, 21, 12, 100, 'img/16//-foto_relevo-2019-06-29--11.42.49.png'),
(26, 16, '2019-06-29 15:07:13', 69, 72, 71, 71, 100, 'img/sinImagen.png'),
(27, 18, '2019-06-29 15:21:55', 50, 50, 50, 50, 100, 'img/sinImagen.png'),
(28, 18, '2019-06-29 15:35:47', 14, 15, 19, 69, 100, 'img/sinImagen.png'),
(29, 18, '2019-06-29 15:37:08', 61, 39, 50, 50, 100, 'img/sinImagen.png'),
(30, 16, '2019-06-29 15:38:01', 50, 50, 90, 88, 100, 'img/sinImagen.png'),
(31, 18, '2019-06-29 15:45:25', 50, 50, 50, 50, 100, 'img/sinImagen.png'),
(32, 16, '2019-06-29 15:48:59', 60, 52, 50, 50, 100, 'img/sinImagen.png'),
(33, 16, '2019-06-29 15:49:54', 50, 50, 50, 50, 100, 'img/sinImagen.png'),
(34, 16, '2019-07-01 19:18:37', 77, 50, 50, 50, 100, 'img/sinImagen.png'),
(35, 18, '2019-07-01 22:37:53', 50, 50, 50, 50, 100, 'img/18//-foto_relevo-2019-07-01--19.37.53.png'),
(36, 18, '2019-07-01 22:38:45', 50, 50, 50, 50, 100, 'img/sinImagen.png'),
(37, 16, '2019-07-01 22:38:56', 50, 50, 50, 50, 100, 'img/sinImagen.png'),
(38, 16, '2019-07-01 22:39:20', 50, 50, 50, 50, 100, 'img/sinImagen.png'),
(39, 29, '2019-07-01 22:44:02', 50, 50, 50, 50, 100, 'img/sinImagen.png'),
(40, 18, '2019-07-01 22:44:17', 50, 50, 50, 50, 100, 'img/sinImagen.png'),
(41, 18, '2019-07-01 22:45:06', 50, 50, 50, 50, 100, 'img/sinImagen.png'),
(42, 18, '2019-07-02 00:12:39', 50, 50, 50, 50, 100, 'img/sinImagen.png'),
(43, 16, '2019-07-02 00:13:19', 50, 50, 50, 50, 100, 'img/sinImagen.png'),
(44, 16, '2019-07-02 00:13:38', 50, 50, 50, 50, 100, 'img/sinImagen.png'),
(45, 18, '2019-07-02 00:20:26', 50, 50, 50, 50, 100, 'img/sinImagen.png'),
(46, 18, '2019-07-02 00:20:51', 50, 50, 50, 50, 100, 'img/sinImagen.png'),
(47, 18, '2019-07-02 00:23:59', 50, 50, 50, 50, 100, 'img/sinImagen.png'),
(48, 18, '2019-07-02 00:24:15', 50, 50, 50, 50, 100, 'img/sinImagen.png'),
(49, 18, '2019-07-02 00:32:47', 50, 50, 50, 50, 100, 'img/sinImagen.png'),
(50, 18, '2019-07-02 00:49:13', 50, 50, 50, 50, 100, 'img/sinImagen.png'),
(51, 18, '2019-07-02 01:11:43', 50, 50, 50, 50, 100, 'img/sinImagen.png'),
(52, 18, '2019-07-02 01:47:32', 50, 50, 50, 50, 100, 'img/sinImagen.png'),
(53, 18, '2019-07-02 02:27:40', 50, 50, 50, 50, 100, 'img/sinImagen.png'),
(54, 18, '2019-07-02 02:52:23', 50, 50, 50, 50, 100, 'img/sinImagen.png'),
(55, 18, '2019-07-02 23:25:35', 50, 50, 50, 50, 100, 'img/sinImagen.png'),
(56, 18, '2019-07-03 00:12:38', 50, 50, 50, 50, 100, 'img/sinImagen.png'),
(57, 18, '2019-07-11 01:14:09', 50, 50, 50, 50, 100, 'img/sinImagen.png'),
(58, 18, '2019-07-11 15:55:05', 50, 50, 50, 50, 100, 'img/sinImagen.png');

-- --------------------------------------------------------

--
-- Table structure for table `encuestas`
--

CREATE TABLE `encuestas` (
  `id_encuesta` int(11) NOT NULL,
  `id_comanda` varchar(5) NOT NULL,
  `nota_mozo` int(11) NOT NULL,
  `nota_mesa` int(11) NOT NULL,
  `nota_cocinero` int(11) NOT NULL,
  `nota_restaurante` int(11) NOT NULL,
  `comentario` varchar(66) NOT NULL
) ENGINE=InnoDB DEFAULT CHARSET=latin1;

-- --------------------------------------------------------

--
-- Table structure for table `estado_mesa`
--

CREATE TABLE `estado_mesa` (
  `id_estadomesa` int(11) NOT NULL,
  `nombre_estado` varchar(50) NOT NULL
) ENGINE=InnoDB DEFAULT CHARSET=latin1;

--
-- Dumping data for table `estado_mesa`
--

INSERT INTO `estado_mesa` (`id_estadomesa`, `nombre_estado`) VALUES
(0, 'libre'),
(1, 'ocupada sin pedido'),
(2, 'esperando pedido'),
(3, 'pedido listo'),
(4, 'comiendo'),
(5, 'esperando cuenta'),
(6, 'pagando'),
(7, 'algo listo / faltan cosas');

-- --------------------------------------------------------

--
-- Table structure for table `estado_pedidos`
--

CREATE TABLE `estado_pedidos` (
  `id_estado_pedido` int(11) NOT NULL,
  `nombre_estado` varchar(100) NOT NULL
) ENGINE=InnoDB DEFAULT CHARSET=latin1;

--
-- Dumping data for table `estado_pedidos`
--

INSERT INTO `estado_pedidos` (`id_estado_pedido`, `nombre_estado`) VALUES
(1, 'pendiente'),
(2, 'en preparacion'),
(3, 'listo para servir'),
(4, 'servido'),
(5, 'cancelado'),
(7, 'listo/en preparacion'),
(8, 'yendo en moto'),
(9, 'pendiente de aprobacion para delivery');

-- --------------------------------------------------------

--
-- Table structure for table `facturacion`
--

CREATE TABLE `facturacion` (
  `id` int(11) NOT NULL,
  `total_mesa` decimal(30,2) NOT NULL,
  `id_mesa` int(11) NOT NULL,
  `porcentaje_propina` int(11) NOT NULL,
  `id_mozo` int(11) DEFAULT NULL,
  `satisfaccion` int(11) NOT NULL,
  `date_created` timestamp NOT NULL DEFAULT CURRENT_TIMESTAMP,
  `last_modified` timestamp NOT NULL DEFAULT CURRENT_TIMESTAMP ON UPDATE CURRENT_TIMESTAMP
) ENGINE=InnoDB DEFAULT CHARSET=latin1;

--
-- Dumping data for table `facturacion`
--

INSERT INTO `facturacion` (`id`, `total_mesa`, `id_mesa`, `porcentaje_propina`, `id_mozo`, `satisfaccion`, `date_created`, `last_modified`) VALUES
(1, '43420.32', 5, 15, 4, 5, '2019-06-29 00:11:18', '2019-06-29 00:11:18'),
(2, '900.00', 5, 20, 2, 5, '2019-06-29 02:29:49', '2019-06-29 02:29:49'),
(3, '902.00', 5, 20, 2, 5, '2019-06-29 05:42:58', '2019-06-29 05:42:58'),
(4, '80.00', 1, 0, -1, 0, '2019-06-29 06:09:04', '2019-06-29 06:09:04'),
(5, '100.00', 3, 5, -1, 5, '2019-06-29 06:22:56', '2019-06-29 06:22:56'),
(6, '100.00', 5, 0, -1, 0, '2019-06-29 06:32:28', '2019-06-29 06:32:28'),
(7, '0.00', 1, 5, -1, 5, '2019-06-29 06:38:28', '2019-06-29 06:38:28'),
(8, '260.00', 4, 10, -1, 10, '2019-06-29 15:04:54', '2019-06-29 15:04:54'),
(9, '180.00', 17, 20, -1, 20, '2019-06-29 15:39:11', '2019-06-29 15:39:11'),
(10, '460.00', 1, 20, -1, 20, '2019-07-01 22:05:10', '2019-07-01 22:05:10'),
(11, '300.00', 10, 20, -1, 20, '2019-07-02 01:12:25', '2019-07-02 01:12:25'),
(12, '410.00', 10, 20, -1, 20, '2019-07-02 01:25:34', '2019-07-02 01:25:34'),
(13, '100.00', 10, 20, -1, 20, '2019-07-02 01:30:30', '2019-07-02 01:30:30'),
(14, '200.00', 10, 20, -1, 20, '2019-07-02 01:48:23', '2019-07-02 01:48:23'),
(15, '300.00', 10, 20, -1, 20, '2019-07-02 02:14:06', '2019-07-02 02:14:06'),
(16, '300.00', 10, 20, -1, 20, '2019-07-02 02:28:16', '2019-07-02 02:28:16'),
(17, '300.00', 10, 15, -1, 15, '2019-07-02 02:47:36', '2019-07-02 02:47:36'),
(18, '300.00', 10, 15, -1, 15, '2019-07-02 02:54:25', '2019-07-02 02:54:25'),
(19, '810.00', 7, 20, -1, 20, '2019-07-02 23:29:35', '2019-07-02 23:29:35'),
(20, '300.00', 7, 20, -1, 20, '2019-07-02 23:43:48', '2019-07-02 23:43:48'),
(21, '300.00', 7, 20, -1, 20, '2019-07-02 23:46:03', '2019-07-02 23:46:03'),
(22, '300.00', 7, 20, -1, 20, '2019-07-02 23:54:35', '2019-07-02 23:54:35'),
(23, '300.00', 7, 20, -1, 20, '2019-07-03 00:03:25', '2019-07-03 00:03:25'),
(24, '200.00', 7, 20, -1, 20, '2019-07-03 00:07:49', '2019-07-03 00:07:49'),
(25, '200.00', 7, 20, -1, 20, '2019-07-03 00:07:49', '2019-07-03 00:07:49'),
(26, '500.00', 7, 20, -1, 20, '2019-07-03 00:13:11', '2019-07-03 00:13:11'),
(27, '300.00', 9, 20, -1, 20, '2019-07-03 00:18:28', '2019-07-03 00:18:28'),
(28, '200.00', 9, 20, -1, 20, '2019-07-03 00:21:18', '2019-07-03 00:21:18'),
(29, '300.00', 7, 20, -1, 20, '2019-07-03 00:28:50', '2019-07-03 00:28:50'),
(30, '100.00', 15, 20, -1, 20, '2019-07-03 23:34:26', '2019-07-03 23:34:26'),
(31, '100.00', 15, 20, -1, 20, '2019-07-03 23:38:54', '2019-07-03 23:38:54'),
(32, '200.00', 15, 20, -1, 20, '2019-07-03 23:43:19', '2019-07-03 23:43:19'),
(33, '200.00', 15, 20, -1, 20, '2019-07-03 23:52:43', '2019-07-03 23:52:43'),
(34, '200.00', 15, 20, -1, 20, '2019-07-03 23:58:02', '2019-07-03 23:58:02'),
(35, '100.00', 15, 20, -1, 20, '2019-07-04 00:19:42', '2019-07-04 00:19:42'),
(36, '200.00', 15, 20, -1, 20, '2019-07-04 00:23:33', '2019-07-04 00:23:33'),
(37, '600.00', 15, 20, -1, 20, '2019-07-04 00:27:57', '2019-07-04 00:27:57'),
(38, '200.00', 15, 20, -1, 20, '2019-07-04 00:36:57', '2019-07-04 00:36:57'),
(39, '200.00', 15, 20, -1, 20, '2019-07-04 00:42:28', '2019-07-04 00:42:28');

-- --------------------------------------------------------

--
-- Table structure for table `logueos`
--

CREATE TABLE `logueos` (
  `numero` int(11) NOT NULL,
  `id_empleado` int(11) NOT NULL,
  `fecha` datetime NOT NULL,
  `tarea` varchar(50) NOT NULL
) ENGINE=InnoDB DEFAULT CHARSET=latin1;

-- --------------------------------------------------------

--
-- Table structure for table `mesas`
--

CREATE TABLE `mesas` (
  `id_mesa` int(11) NOT NULL,
  `sillas` int(11) NOT NULL,
  `estado_mesa` int(11) NOT NULL,
  `zona` int(11) NOT NULL,
  `habilitada` int(11) NOT NULL DEFAULT '1'
) ENGINE=InnoDB DEFAULT CHARSET=latin1;

--
-- Dumping data for table `mesas`
--

INSERT INTO `mesas` (`id_mesa`, `sillas`, `estado_mesa`, `zona`, `habilitada`) VALUES
(1, 4, 7, 1, 1),
(2, 3, 5, 1, 1),
(3, 4, 1, 1, 1),
(4, 4, 5, 1, 1),
(5, 4, 7, 1, 1),
(6, 3, 7, 1, 1),
(7, 3, 5, 2, 1),
(8, 5, 7, 2, 1),
(9, 6, 3, 2, 1),
(10, 3, 5, 2, 1),
(11, 3, 1, 2, 1),
(12, 3, 5, 2, 1),
(13, 2, 0, 1, 1),
(14, 6, 0, 1, 1),
(15, 2, 0, 1, 1),
(16, 2, 0, 0, 1),
(17, 2, 0, 1, 1);

-- --------------------------------------------------------

--
-- Table structure for table `pedidos`
--

CREATE TABLE `pedidos` (
  `id` int(11) NOT NULL,
  `id_mesa` int(11) NOT NULL,
  `id_cliente_visita` int(11) NOT NULL,
  `fecha_alta` datetime NOT NULL,
  `estado_pedido` int(11) NOT NULL DEFAULT '1',
  `hora_estimada` datetime NOT NULL,
  `hora_listo` datetime NOT NULL DEFAULT CURRENT_TIMESTAMP
) ENGINE=InnoDB DEFAULT CHARSET=latin1;

--
-- Dumping data for table `pedidos`
--

INSERT INTO `pedidos` (`id`, `id_mesa`, `id_cliente_visita`, `fecha_alta`, `estado_pedido`, `hora_estimada`, `hora_listo`) VALUES
(140, -8, 116, '2019-06-29 12:03:31', 9, '2019-06-29 12:03:31', '2019-06-29 12:03:31'),
(141, 4, 116, '2019-06-29 12:03:40', 4, '2019-06-29 12:03:40', '2019-06-29 12:03:40'),
(142, 17, 117, '2019-06-29 12:27:16', 4, '2019-06-29 12:27:16', '2019-06-29 12:27:16'),
(143, 1, 120, '2019-07-01 18:48:10', 7, '2019-07-01 18:48:10', '2019-07-01 18:48:10'),
(144, 1, 120, '2019-07-01 18:55:42', 3, '2019-07-01 18:55:42', '2019-07-01 18:55:42'),
(145, 5, 121, '2019-07-01 19:18:40', 7, '2019-07-01 19:18:40', '2019-07-01 19:18:40'),
(146, 5, 121, '2019-07-01 19:18:50', 1, '2019-07-01 19:18:50', '2019-07-01 19:18:50'),
(147, 6, 122, '2019-07-01 19:43:00', 3, '2019-07-01 19:43:00', '2019-07-01 19:43:00'),
(148, 6, 122, '2019-07-01 19:43:23', 3, '2019-07-01 19:43:23', '2019-07-01 19:43:23'),
(149, 8, 123, '2019-07-01 21:17:21', 7, '2019-07-01 21:17:21', '2019-07-01 21:17:21'),
(150, 7, 124, '2019-07-01 21:19:42', 4, '2019-07-01 21:19:42', '2019-07-01 21:19:42'),
(151, 7, 124, '2019-07-01 21:19:51', 4, '2019-07-01 21:19:51', '2019-07-01 21:19:51'),
(152, 9, 125, '2019-07-01 21:31:50', 4, '2019-07-01 21:31:50', '2019-07-01 21:31:50'),
(153, 9, 125, '2019-07-01 21:31:59', 4, '2019-07-01 21:31:59', '2019-07-01 21:31:59'),
(154, 12, 127, '2019-07-01 21:48:19', 4, '2019-07-01 21:48:19', '2019-07-01 21:48:19'),
(155, 12, 127, '2019-07-01 21:48:29', 4, '2019-07-01 21:48:29', '2019-07-01 21:48:29'),
(156, 10, 128, '2019-07-01 22:10:57', 4, '2019-07-01 22:10:57', '2019-07-01 22:10:57'),
(157, 10, 129, '2019-07-01 22:23:29', 4, '2019-07-01 22:23:29', '2019-07-01 22:23:29'),
(158, 10, 129, '2019-07-01 22:23:40', 4, '2019-07-01 22:23:40', '2019-07-01 22:23:40'),
(159, 10, 130, '2019-07-01 22:29:39', 4, '2019-07-01 22:29:39', '2019-07-01 22:29:39'),
(160, 10, 131, '2019-07-01 22:47:00', 4, '2019-07-01 22:47:00', '2019-07-01 22:47:00'),
(161, 10, 132, '2019-07-01 23:13:21', 4, '2019-07-01 23:13:21', '2019-07-01 23:13:21'),
(162, 10, 133, '2019-07-01 23:27:12', 4, '2019-07-01 23:27:12', '2019-07-01 23:27:12'),
(163, 10, 134, '2019-07-01 23:46:48', 4, '2019-07-01 23:46:48', '2019-07-01 23:46:48'),
(164, 10, 135, '2019-07-01 23:52:01', 4, '2019-07-01 23:52:01', '2019-07-01 23:52:01'),
(165, 7, 136, '2019-07-02 20:28:26', 4, '2019-07-02 20:28:26', '2019-07-02 20:28:26'),
(166, 7, 136, '2019-07-02 20:28:47', 4, '2019-07-02 20:28:47', '2019-07-02 20:28:47'),
(167, 7, 137, '2019-07-02 20:40:27', 4, '2019-07-02 20:40:27', '2019-07-02 20:40:27'),
(168, 7, 138, '2019-07-02 20:42:51', 4, '2019-07-02 20:42:51', '2019-07-02 20:42:51'),
(169, 7, 139, '2019-07-02 20:45:24', 4, '2019-07-02 20:45:24', '2019-07-02 20:45:24'),
(170, 7, 140, '2019-07-02 20:54:00', 4, '2019-07-02 20:54:00', '2019-07-02 20:54:00'),
(171, 7, 141, '2019-07-02 21:02:35', 4, '2019-07-02 21:02:35', '2019-07-02 21:02:35'),
(172, 7, 142, '2019-07-02 21:06:42', 4, '2019-07-02 21:06:42', '2019-07-02 21:06:42'),
(173, 7, 143, '2019-07-02 21:11:59', 4, '2019-07-02 21:11:59', '2019-07-02 21:11:59'),
(174, 7, 143, '2019-07-02 21:12:09', 4, '2019-07-02 21:12:09', '2019-07-02 21:12:09'),
(175, 9, 144, '2019-07-02 21:17:48', 4, '2019-07-02 21:17:48', '2019-07-02 21:17:48'),
(176, 9, 145, '2019-07-02 21:20:59', 3, '2019-07-02 21:20:59', '2019-07-02 21:20:59'),
(177, 7, 146, '2019-07-02 21:28:03', 4, '2019-07-02 21:28:03', '2019-07-02 21:28:03'),
(178, 15, 147, '2019-07-03 19:49:07', 3, '2019-07-03 19:49:07', '2019-07-03 19:49:07'),
(179, 15, 148, '2019-07-03 20:33:52', 3, '2019-07-03 20:33:52', '2019-07-03 20:33:52'),
(180, 15, 149, '2019-07-03 20:37:58', 3, '2019-07-03 20:37:58', '2019-07-03 20:37:58'),
(181, 15, 150, '2019-07-03 20:42:44', 3, '2019-07-03 20:42:44', '2019-07-03 20:42:44'),
(182, 15, 151, '2019-07-03 20:51:59', 3, '2019-07-03 20:51:59', '2019-07-03 20:51:59'),
(183, 15, 152, '2019-07-03 20:57:18', 3, '2019-07-03 20:57:18', '2019-07-03 20:57:18'),
(184, 15, 153, '2019-07-03 21:16:11', 3, '2019-07-03 21:16:11', '2019-07-03 21:16:11'),
(185, 15, 154, '2019-07-03 21:23:04', 3, '2019-07-03 21:23:04', '2019-07-03 21:23:04'),
(186, 15, 154, '2019-07-03 21:26:24', 3, '2019-07-03 21:26:24', '2019-07-03 21:26:24'),
(187, 15, 154, '2019-07-03 21:27:39', 3, '2019-07-03 21:27:39', '2019-07-03 21:27:39'),
(188, 15, 155, '2019-07-03 21:36:36', 3, '2019-07-03 21:36:36', '2019-07-03 21:36:36'),
(189, 15, 156, '2019-07-03 21:41:38', 3, '2019-07-03 21:41:38', '2019-07-03 21:41:38'),
(190, 6, 122, '2019-07-10 22:13:40', 7, '2019-07-10 22:13:40', '2019-07-10 22:13:40'),
(191, -8, 158, '2019-07-11 12:04:08', 9, '2019-07-11 12:04:08', '2019-07-11 12:04:08'),
(192, -8, 159, '2019-07-11 12:05:58', 1, '2019-07-11 12:05:58', '2019-07-11 12:05:58'),
(193, -8, 160, '2019-07-11 12:49:27', 9, '2019-07-11 12:49:27', '2019-07-11 12:49:27'),
(194, -8, 161, '2019-07-11 12:49:37', 9, '2019-07-11 12:49:37', '2019-07-11 12:49:37'),
(195, -8, 162, '2019-07-11 12:50:08', 1, '2019-07-11 12:50:08', '2019-07-11 12:50:09'),
(196, -8, 163, '2019-07-11 12:50:14', 1, '2019-07-11 12:50:14', '2019-07-11 12:50:14'),
(197, -8, 164, '2019-07-11 12:59:14', 9, '2019-07-11 12:59:14', '2019-07-11 12:59:14'),
(198, -8, 165, '2019-07-11 12:59:38', 9, '2019-07-11 12:59:38', '2019-07-11 12:59:38'),
(199, -8, 166, '2019-07-11 13:00:38', 1, '2019-07-11 13:00:38', '2019-07-11 13:00:38'),
(200, -8, 167, '2019-07-11 13:27:18', 8, '2019-07-11 13:27:18', '2019-07-11 13:27:18');

-- --------------------------------------------------------

--
-- Table structure for table `pedidos_borrados`
--

CREATE TABLE `pedidos_borrados` (
  `id_comanda` varchar(50) NOT NULL,
  `id_producto` int(11) NOT NULL,
  `cantidad_producto` int(11) NOT NULL
) ENGINE=InnoDB DEFAULT CHARSET=latin1;

-- --------------------------------------------------------

--
-- Table structure for table `pedidos_delivery`
--

CREATE TABLE `pedidos_delivery` (
  `id` int(11) NOT NULL,
  `id_pedido` int(11) NOT NULL,
  `id_cliente` int(11) NOT NULL,
  `date_created` timestamp NOT NULL DEFAULT CURRENT_TIMESTAMP ON UPDATE CURRENT_TIMESTAMP,
  `last_modified` timestamp NOT NULL DEFAULT CURRENT_TIMESTAMP,
  `lat` varchar(20) NOT NULL,
  `lng` varchar(20) NOT NULL,
  `direccion` varchar(300) NOT NULL,
  `id_empleado` int(10) DEFAULT NULL
) ENGINE=InnoDB DEFAULT CHARSET=latin1;

--
-- Dumping data for table `pedidos_delivery`
--

INSERT INTO `pedidos_delivery` (`id`, `id_pedido`, `id_cliente`, `date_created`, `last_modified`, `lat`, `lng`, `direccion`, `id_empleado`) VALUES
(1, 192, 2, '2019-07-11 15:37:53', '2019-07-11 15:05:58', '-33', '-58', 'rivadavia 434', NULL),
(2, 193, 1, '2019-07-11 15:49:27', '2019-07-11 15:49:27', '-33', '-58', 'rivadavia 434', NULL),
(3, 194, 1, '2019-07-11 15:49:37', '2019-07-11 15:49:37', '-33.44', '-58.23', 'rivadavia 434', NULL),
(4, 195, 2, '2019-07-11 15:50:09', '2019-07-11 15:50:09', '-33.44', '-58.23', 'rivadavia 434', NULL),
(5, 196, 2, '2019-07-11 15:50:14', '2019-07-11 15:50:14', '-33.44', '-58.23', 'rivadavia 434', NULL),
(6, 197, 3, '2019-07-11 15:59:15', '2019-07-11 15:59:15', '-34.44', '-59.23', 'rivadavia 434', NULL),
(7, 198, 3, '2019-07-11 15:59:38', '2019-07-11 15:59:38', '-34.14', '-59.13', 'rivadavia 4343', NULL),
(8, 199, 3, '2019-07-11 16:00:38', '2019-07-11 16:00:38', '-34.14', '-59.13', 'rivadavia 4343', NULL),
(9, 200, 3, '2019-07-11 17:22:47', '2019-07-11 16:27:18', '-33.5', '-58.5', 'rivadavia 4343', 35);

-- --------------------------------------------------------

--
-- Table structure for table `pedidos_detalles`
--

CREATE TABLE `pedidos_detalles` (
  `id` int(11) NOT NULL,
  `id_producto` int(11) NOT NULL,
  `cantidad` int(11) NOT NULL DEFAULT '1',
  `date_created` timestamp NOT NULL DEFAULT CURRENT_TIMESTAMP,
  `last_modified` timestamp NOT NULL DEFAULT CURRENT_TIMESTAMP ON UPDATE CURRENT_TIMESTAMP,
  `listo` int(11) DEFAULT '0'
) ENGINE=InnoDB DEFAULT CHARSET=latin1;

--
-- Dumping data for table `pedidos_detalles`
--

INSERT INTO `pedidos_detalles` (`id`, `id_producto`, `cantidad`, `date_created`, `last_modified`, `listo`) VALUES
(140, 3, 1, '2019-06-29 15:03:31', '2019-06-29 15:03:56', 1),
(140, 4, 1, '2019-06-29 15:03:31', '2019-06-29 15:03:56', 1),
(141, 1, 1, '2019-06-29 15:03:40', '2019-06-29 15:04:21', 1),
(142, 3, 1, '2019-06-29 15:27:16', '2019-06-29 15:38:14', 1),
(142, 2, 1, '2019-06-29 15:27:16', '2019-06-29 15:37:27', 1),
(143, 2, 1, '2019-07-01 21:48:10', '2019-07-02 00:12:46', 1),
(143, 3, 1, '2019-07-01 21:48:10', '2019-07-01 21:48:10', 0),
(143, 4, 1, '2019-07-01 21:48:10', '2019-07-01 21:48:10', 0),
(144, 1, 2, '2019-07-01 21:55:42', '2019-07-02 00:12:43', 1),
(145, 2, 1, '2019-07-01 22:18:40', '2019-07-01 22:38:06', 1),
(145, 3, 1, '2019-07-01 22:18:40', '2019-07-01 22:18:40', 0),
(145, 4, 1, '2019-07-01 22:18:40', '2019-07-01 22:18:40', 0),
(146, 4, 1, '2019-07-01 22:18:50', '2019-07-01 22:18:50', 0),
(146, 5, 1, '2019-07-01 22:18:50', '2019-07-01 22:18:50', 0),
(147, 1, 1, '2019-07-01 22:43:00', '2019-07-01 23:44:21', 1),
(147, 2, 1, '2019-07-01 22:43:00', '2019-07-01 23:44:21', 1),
(148, 10, 1, '2019-07-01 22:43:23', '2019-07-01 23:44:19', 1),
(149, 2, 2, '2019-07-02 00:17:21', '2019-07-02 01:47:43', 1),
(149, 4, 1, '2019-07-02 00:17:21', '2019-07-02 00:17:21', 0),
(150, 2, 2, '2019-07-02 00:19:42', '2019-07-02 00:24:31', 1),
(150, 1, 1, '2019-07-02 00:19:42', '2019-07-02 00:24:31', 1),
(151, 2, 1, '2019-07-02 00:19:51', '2019-07-02 00:24:21', 1),
(152, 2, 1, '2019-07-02 00:31:50', '2019-07-02 00:32:56', 1),
(152, 1, 1, '2019-07-02 00:31:50', '2019-07-02 00:32:56', 1),
(153, 10, 1, '2019-07-02 00:31:59', '2019-07-02 00:32:51', 1),
(154, 2, 1, '2019-07-02 00:48:19', '2019-07-02 00:49:18', 1),
(154, 1, 1, '2019-07-02 00:48:19', '2019-07-02 00:49:18', 1),
(155, 9, 1, '2019-07-02 00:48:29', '2019-07-02 00:49:17', 1),
(156, 2, 2, '2019-07-02 01:10:57', '2019-07-02 01:11:47', 1),
(156, 1, 1, '2019-07-02 01:10:57', '2019-07-02 01:11:47', 1),
(157, 2, 2, '2019-07-02 01:23:29', '2019-07-02 01:23:53', 1),
(157, 1, 1, '2019-07-02 01:23:30', '2019-07-02 01:23:53', 1),
(158, 9, 1, '2019-07-02 01:23:40', '2019-07-02 01:23:52', 1),
(159, 1, 1, '2019-07-02 01:29:39', '2019-07-02 01:29:47', 1),
(160, 2, 1, '2019-07-02 01:47:00', '2019-07-02 01:47:37', 1),
(160, 1, 1, '2019-07-02 01:47:00', '2019-07-02 01:47:37', 1),
(161, 2, 2, '2019-07-02 02:13:21', '2019-07-02 02:13:32', 1),
(161, 1, 1, '2019-07-02 02:13:21', '2019-07-02 02:13:32', 1),
(162, 2, 2, '2019-07-02 02:27:12', '2019-07-02 02:27:43', 1),
(162, 1, 1, '2019-07-02 02:27:12', '2019-07-02 02:27:43', 1),
(163, 2, 2, '2019-07-02 02:46:48', '2019-07-02 02:46:56', 1),
(163, 1, 1, '2019-07-02 02:46:48', '2019-07-02 02:46:56', 1),
(164, 2, 2, '2019-07-02 02:52:02', '2019-07-02 02:54:01', 1),
(164, 1, 1, '2019-07-02 02:52:02', '2019-07-02 02:54:01', 1),
(165, 1, 1, '2019-07-02 23:28:26', '2019-07-02 23:28:59', 1),
(165, 2, 2, '2019-07-02 23:28:26', '2019-07-02 23:28:59', 1),
(166, 1, 2, '2019-07-02 23:28:47', '2019-07-02 23:28:57', 1),
(166, 2, 2, '2019-07-02 23:28:47', '2019-07-02 23:28:57', 1),
(166, 9, 1, '2019-07-02 23:28:47', '2019-07-02 23:28:57', 1),
(167, 1, 2, '2019-07-02 23:40:27', '2019-07-02 23:40:36', 1),
(167, 2, 1, '2019-07-02 23:40:27', '2019-07-02 23:40:36', 1),
(168, 1, 2, '2019-07-02 23:42:51', '2019-07-02 23:42:57', 1),
(168, 2, 1, '2019-07-02 23:42:51', '2019-07-02 23:42:57', 1),
(169, 1, 2, '2019-07-02 23:45:25', '2019-07-02 23:45:35', 1),
(169, 2, 1, '2019-07-02 23:45:25', '2019-07-02 23:45:35', 1),
(170, 2, 2, '2019-07-02 23:54:00', '2019-07-02 23:54:08', 1),
(170, 1, 1, '2019-07-02 23:54:00', '2019-07-02 23:54:08', 1),
(171, 1, 2, '2019-07-03 00:02:35', '2019-07-03 00:02:48', 1),
(171, 2, 1, '2019-07-03 00:02:35', '2019-07-03 00:02:48', 1),
(172, 1, 1, '2019-07-03 00:06:42', '2019-07-03 00:07:19', 1),
(172, 2, 1, '2019-07-03 00:06:42', '2019-07-03 00:07:19', 1),
(173, 1, 2, '2019-07-03 00:11:59', '2019-07-03 00:12:42', 1),
(173, 2, 1, '2019-07-03 00:11:59', '2019-07-03 00:12:42', 1),
(174, 2, 2, '2019-07-03 00:12:09', '2019-07-03 00:12:41', 1),
(175, 1, 2, '2019-07-03 00:17:48', '2019-07-03 00:17:58', 1),
(175, 2, 1, '2019-07-03 00:17:48', '2019-07-03 00:17:58', 1),
(176, 2, 1, '2019-07-03 00:20:59', '2019-07-03 00:28:13', 1),
(176, 1, 1, '2019-07-03 00:20:59', '2019-07-03 00:28:13', 1),
(177, 1, 2, '2019-07-03 00:28:03', '2019-07-03 00:28:11', 1),
(177, 2, 1, '2019-07-03 00:28:03', '2019-07-03 00:28:11', 1),
(178, 1, 1, '2019-07-03 22:49:07', '2019-07-03 23:38:12', 1),
(179, 1, 1, '2019-07-03 23:33:52', '2019-07-03 23:38:32', 1),
(180, 1, 1, '2019-07-03 23:37:58', '2019-07-03 23:38:10', 1),
(181, 1, 2, '2019-07-03 23:42:44', '2019-07-03 23:42:50', 1),
(182, 1, 1, '2019-07-03 23:51:59', '2019-07-03 23:52:08', 1),
(182, 2, 1, '2019-07-03 23:51:59', '2019-07-03 23:52:08', 1),
(183, 1, 1, '2019-07-03 23:57:18', '2019-07-03 23:57:27', 1),
(183, 2, 1, '2019-07-03 23:57:18', '2019-07-03 23:57:27', 1),
(184, 1, 1, '2019-07-04 00:16:11', '2019-07-04 00:16:24', 1),
(185, 1, 2, '2019-07-04 00:23:05', '2019-07-04 00:23:19', 1),
(186, 1, 2, '2019-07-04 00:26:24', '2019-07-04 00:27:27', 1),
(187, 1, 1, '2019-07-04 00:27:39', '2019-07-04 00:27:47', 1),
(187, 2, 1, '2019-07-04 00:27:39', '2019-07-04 00:27:47', 1),
(188, 1, 2, '2019-07-04 00:36:36', '2019-07-04 00:36:45', 1),
(189, 1, 2, '2019-07-04 00:41:38', '2019-07-04 00:41:46', 1),
(190, 3, 1, '2019-07-11 01:13:41', '2019-07-11 01:13:41', 0),
(190, 2, 1, '2019-07-11 01:13:41', '2019-07-11 01:14:15', 1),
(200, 1, 3, '2019-07-11 16:27:18', '2019-07-11 16:35:32', 1),
(200, 2, 3, '2019-07-11 16:27:18', '2019-07-11 16:35:32', 1),
(200, 4, 18, '2019-07-11 16:27:18', '2019-07-11 16:27:18', 0);

-- --------------------------------------------------------

--
-- Table structure for table `productos`
--

CREATE TABLE `productos` (
  `id_producto` int(11) NOT NULL,
  `nombre_producto` varchar(300) NOT NULL,
  `descripcion` varchar(400) DEFAULT NULL,
  `id_cocina` int(11) NOT NULL,
  `precio` decimal(10,0) DEFAULT NULL,
  `habilitado` int(11) NOT NULL DEFAULT '1',
  `minutos_preparacion` int(11) NOT NULL DEFAULT '1',
  `imagen` text,
  `date_created` timestamp NOT NULL DEFAULT CURRENT_TIMESTAMP,
  `last_modified` timestamp NOT NULL DEFAULT CURRENT_TIMESTAMP ON UPDATE CURRENT_TIMESTAMP
) ENGINE=InnoDB DEFAULT CHARSET=latin1;

--
-- Dumping data for table `productos`
--

INSERT INTO `productos` (`id_producto`, `nombre_producto`, `descripcion`, `id_cocina`, `precio`, `habilitado`, `minutos_preparacion`, `imagen`, `date_created`, `last_modified`) VALUES
(1, 'Risotto', 'plato italiano', 5, '100', 1, 0, 'img/productos/risotto.jpg', '2019-05-27 01:16:34', '2019-06-29 14:10:20'),
(2, 'Hamburguesa Completa', 'Comida Rapida', 5, '100', 1, 0, 'img/productos/hamburguesa.jpg', '2019-05-27 01:16:34', '2019-06-29 14:11:07'),
(3, 'Sprite', 'Bebida sin alcohol', 3, '80', 1, 0, 'img/productos/sprite.jpg', '2019-05-27 01:16:34', '2019-06-29 14:11:12'),
(4, 'Coca Cola', 'Bebida sin alcohol', 3, '80', 1, 0, 'img/productos/coca.jpg', '2019-05-27 01:16:34', '2019-06-29 14:12:30'),
(5, 'Dry Martini', 'Trago', 3, '120', 1, 0, 'img/productos/martini.jpg', '2019-05-27 01:16:34', '2019-06-29 14:12:35'),
(6, 'Mojito', 'Trago', 3, '120', 1, 0, 'img/productos/mojito.jpg', '2019-05-27 01:16:34', '2019-06-29 14:12:39'),
(7, 'Margarita', 'Trago mexicano', 3, '170', 1, 5, 'img/productos/margarita.jpg', '2019-05-27 01:16:34', '2019-06-29 14:12:48'),
(8, 'Frozen Margarita', 'Trago', 3, '222', 1, 0, 'img/productos/margarita.jpg', '2019-05-27 01:16:34', '2019-06-29 14:16:12'),
(9, 'Locro', 'Plato argentino', 5, '110', 1, 0, 'img/productos/locro.jpg', '2019-05-27 01:16:34', '2019-06-29 14:16:04'),
(10, 'Picada', 'El producto de la casa', 5, '200', 1, 0, 'img/productos/picada.jpg', '2019-05-27 01:16:34', '2019-06-29 14:15:58'),
(11, 'Destornillador', 'Cocktail hecho de vokda y jugo de naranja.', 3, '200', 1, 0, '', '2019-05-27 01:16:34', '2019-06-24 18:18:12'),
(12, 'Paloma', 'Cocktail hecho con tequila y gaseosa de pomelo', 3, '150', 1, 0, '', '2019-05-27 01:16:34', '2019-06-24 18:18:12'),
(13, 'Papas Fritas', 'Papas llenas de aceite', 5, '90', 1, 1, '', '2019-06-20 21:34:42', '2019-06-24 18:18:12'),
(25, 'Nachos2', 'Con queso', 5, '240', 1, 1, '', '2019-06-22 14:21:31', '2019-06-22 14:21:44'),
(26, 'sanguchitos', 'de mortadela', 5, '80', 1, 1, NULL, '2019-06-27 21:56:34', '2019-06-27 22:09:29'),
(27, 'pizza napo', 'napoooo', 5, '220', 1, 1, 'img/productos/pizzanapo.jpg', '2019-06-27 21:57:39', '2019-06-29 14:13:26'),
(39, 'cerveza ipa', NULL, 4, '120', 1, 1, 'img/productos/randal.jpg', '2019-06-28 17:17:44', '2019-06-29 14:14:59'),
(40, 'cerveza randal', NULL, 4, '135', 1, 1, 'img/productos/randal.jpg', '2019-06-28 17:18:20', '2019-06-29 14:14:43'),
(41, 'Celular', 'Un celular', 5, '150', 1, 1, 'img/productos/-foto_producto-41-2019-06-29--12.46.15.png', '2019-06-29 15:46:15', '2019-06-29 15:46:15'),
(42, 'Bebida3', 'Hhhhhh', 3, '60', 1, 1, 'img/productos/-foto_producto-42-2019-06-29--12.50.52.png', '2019-06-29 15:50:52', '2019-06-29 15:50:52');

-- --------------------------------------------------------

--
-- Table structure for table `reservas`
--

CREATE TABLE `reservas` (
  `id` int(11) NOT NULL,
  `id_cliente` int(11) NOT NULL,
  `id_mesa` int(11) DEFAULT NULL,
  `fecha` timestamp NULL DEFAULT CURRENT_TIMESTAMP,
  `fecha_alta` timestamp NOT NULL DEFAULT CURRENT_TIMESTAMP,
  `confirmada` int(11) NOT NULL DEFAULT '0',
  `comensales` int(11) NOT NULL
) ENGINE=InnoDB DEFAULT CHARSET=latin1;

--
-- Dumping data for table `reservas`
--

INSERT INTO `reservas` (`id`, `id_cliente`, `id_mesa`, `fecha`, `fecha_alta`, `confirmada`, `comensales`) VALUES
(25, 40, 1, '2019-06-22 06:10:55', '2019-06-22 06:10:55', 0, 2),
(26, 41, 1, '2019-06-22 06:20:24', '2019-06-22 06:20:24', 0, 2),
(27, 43, 1, '2019-06-22 06:58:39', '2019-06-22 06:58:39', 0, 2),
(28, 50, 1, '2019-06-29 08:08:04', '2019-06-22 08:08:04', 0, 2),
(29, 40, 1, '2019-07-29 14:11:04', '2019-06-22 14:11:04', 0, 2),
(30, 40, 1, '2019-07-25 15:28:00', '2019-06-28 20:28:00', 1, 2),
(32, 101, -5, '2019-06-29 07:24:41', '2019-06-29 07:24:41', 1, 2),
(33, 101, -5, '2019-06-29 08:00:00', '2019-06-29 07:33:30', 1, 4),
(34, 102, -5, '2019-06-29 07:43:53', '2019-06-29 07:43:53', 1, 3),
(35, 103, -5, '2019-06-29 07:48:42', '2019-06-29 07:48:42', 1, 3),
(36, 103, -5, '2019-06-29 07:49:08', '2019-06-29 07:49:08', 1, 3),
(37, 104, -5, '2019-06-29 07:50:29', '2019-06-29 07:50:29', 1, 3),
(38, 104, -5, '2019-06-29 07:54:08', '2019-06-29 07:54:08', 1, 1),
(39, 121, -5, '2019-06-29 13:39:21', '2019-06-29 13:39:21', 1, 3),
(40, 121, -5, '2019-06-29 13:57:40', '2019-06-29 13:57:40', 1, 4),
(41, 121, -5, '2019-06-29 14:10:26', '2019-06-29 14:10:26', 1, 3),
(42, 144, -5, '2019-06-29 14:56:08', '2019-06-29 14:56:08', 1, 2),
(43, 147, -5, '2019-06-29 15:17:41', '2019-06-29 15:17:41', 0, 40),
(44, 147, -5, '2019-06-29 15:18:41', '2019-06-29 15:18:41', 1, 2),
(45, 147, -5, '2019-06-29 15:46:43', '2019-06-29 15:46:43', 1, 2),
(46, 62, -5, '2019-06-28 18:00:00', '2019-06-29 15:53:22', 0, 3);

-- --------------------------------------------------------

--
-- Table structure for table `rol`
--

CREATE TABLE `rol` (
  `id_rol` int(11) NOT NULL,
  `nombre_rol` varchar(50) NOT NULL
) ENGINE=InnoDB DEFAULT CHARSET=latin1;

--
-- Dumping data for table `rol`
--

INSERT INTO `rol` (`id_rol`, `nombre_rol`) VALUES
(1, 'socio'),
(2, 'mozo'),
(3, 'bartender'),
(4, 'cervecero'),
(5, 'cocinero'),
(6, 'pastelera'),
(7, 'admin'),
(8, 'metre'),
(9, 'deliveryboy');

--
-- Indexes for dumped tables
--

--
-- Indexes for table `clientes`
--
ALTER TABLE `clientes`
  ADD PRIMARY KEY (`id_cliente`);

--
-- Indexes for table `cliente_visita`
--
ALTER TABLE `cliente_visita`
  ADD PRIMARY KEY (`id_cliente_visita`);

--
-- Indexes for table `empleados`
--
ALTER TABLE `empleados`
  ADD PRIMARY KEY (`id_empleado`),
  ADD KEY `fk_id_roll` (`id_rol`);

--
-- Indexes for table `empleados_relevo`
--
ALTER TABLE `empleados_relevo`
  ADD PRIMARY KEY (`id`);

--
-- Indexes for table `encuestas`
--
ALTER TABLE `encuestas`
  ADD PRIMARY KEY (`id_encuesta`);

--
-- Indexes for table `estado_mesa`
--
ALTER TABLE `estado_mesa`
  ADD PRIMARY KEY (`id_estadomesa`);

--
-- Indexes for table `estado_pedidos`
--
ALTER TABLE `estado_pedidos`
  ADD PRIMARY KEY (`id_estado_pedido`);

--
-- Indexes for table `facturacion`
--
ALTER TABLE `facturacion`
  ADD PRIMARY KEY (`id`);

--
-- Indexes for table `logueos`
--
ALTER TABLE `logueos`
  ADD PRIMARY KEY (`numero`),
  ADD KEY `id_empleado` (`id_empleado`);

--
-- Indexes for table `mesas`
--
ALTER TABLE `mesas`
  ADD PRIMARY KEY (`id_mesa`);

--
-- Indexes for table `pedidos`
--
ALTER TABLE `pedidos`
  ADD PRIMARY KEY (`id`);

--
-- Indexes for table `pedidos_delivery`
--
ALTER TABLE `pedidos_delivery`
  ADD PRIMARY KEY (`id`);

--
-- Indexes for table `productos`
--
ALTER TABLE `productos`
  ADD PRIMARY KEY (`id_producto`),
  ADD KEY `id_cocina` (`id_cocina`);

--
-- Indexes for table `reservas`
--
ALTER TABLE `reservas`
  ADD PRIMARY KEY (`id`);

--
-- Indexes for table `rol`
--
ALTER TABLE `rol`
  ADD PRIMARY KEY (`id_rol`);

--
-- AUTO_INCREMENT for dumped tables
--

--
-- AUTO_INCREMENT for table `clientes`
--
ALTER TABLE `clientes`
  MODIFY `id_cliente` int(11) NOT NULL AUTO_INCREMENT, AUTO_INCREMENT=170;

--
-- AUTO_INCREMENT for table `cliente_visita`
--
ALTER TABLE `cliente_visita`
  MODIFY `id_cliente_visita` int(11) NOT NULL AUTO_INCREMENT, AUTO_INCREMENT=168;

--
-- AUTO_INCREMENT for table `empleados_relevo`
--
ALTER TABLE `empleados_relevo`
  MODIFY `id` int(11) NOT NULL AUTO_INCREMENT, AUTO_INCREMENT=59;

--
-- AUTO_INCREMENT for table `encuestas`
--
ALTER TABLE `encuestas`
  MODIFY `id_encuesta` int(11) NOT NULL AUTO_INCREMENT;

--
-- AUTO_INCREMENT for table `facturacion`
--
ALTER TABLE `facturacion`
  MODIFY `id` int(11) NOT NULL AUTO_INCREMENT, AUTO_INCREMENT=40;

--
-- AUTO_INCREMENT for table `logueos`
--
ALTER TABLE `logueos`
  MODIFY `numero` int(11) NOT NULL AUTO_INCREMENT;

--
-- AUTO_INCREMENT for table `mesas`
--
ALTER TABLE `mesas`
  MODIFY `id_mesa` int(11) NOT NULL AUTO_INCREMENT, AUTO_INCREMENT=18;

--
-- AUTO_INCREMENT for table `pedidos`
--
ALTER TABLE `pedidos`
  MODIFY `id` int(11) NOT NULL AUTO_INCREMENT, AUTO_INCREMENT=201;

--
-- AUTO_INCREMENT for table `pedidos_delivery`
--
ALTER TABLE `pedidos_delivery`
  MODIFY `id` int(11) NOT NULL AUTO_INCREMENT, AUTO_INCREMENT=10;

--
-- AUTO_INCREMENT for table `productos`
--
ALTER TABLE `productos`
  MODIFY `id_producto` int(11) NOT NULL AUTO_INCREMENT, AUTO_INCREMENT=43;

--
-- AUTO_INCREMENT for table `reservas`
--
ALTER TABLE `reservas`
  MODIFY `id` int(11) NOT NULL AUTO_INCREMENT, AUTO_INCREMENT=47;
COMMIT;

/*!40101 SET CHARACTER_SET_CLIENT=@OLD_CHARACTER_SET_CLIENT */;
/*!40101 SET CHARACTER_SET_RESULTS=@OLD_CHARACTER_SET_RESULTS */;
/*!40101 SET COLLATION_CONNECTION=@OLD_COLLATION_CONNECTION */;
